<dds>
    <profiles xmlns="http://www.eprosima.com/XMLSchemas/fastRTPS_Profiles">
        <participant profile_name="super_client_profile" is_default_profile="true">
            <rtps>
                <builtin>
                    <discovery_config>
                        <discoveryProtocol>SUPER_CLIENT</discoveryProtocol>
                        <discoveryServersList>
                            <RemoteServer prefix="44.53.00.5f.45.50.52.4f.53.49.4d.41">
                                <metatrafficUnicastLocatorList>
                                    <locator>
                                        <udpv4>
                                            <address>127.0.0.1</address>
                                            <port>11811</port>
                                        </udpv4>
                                    </locator>
                                </metatrafficUnicastLocatorList>
                            </RemoteServer>
                            <RemoteServer prefix="44.53.01.5f.45.50.52.4f.53.49.4d.41">
                                <metatrafficUnicastLocatorList>
                                    <locator>
                                        <udpv4>
                                            <address>10.0.10.8</address>
                                            <port>11811</port>
                                        </udpv4>
                                    </locator>
                                </metatrafficUnicastLocatorList>
                            </RemoteServer>
                            <RemoteServer prefix="44.53.02.5f.45.50.52.4f.53.49.4d.41">
                                <metatrafficUnicastLocatorList>
                                    <locator>
                                        <udpv4>
                                            <address>10.0.10.20</address>
                                            <port>11811</port>
                                        </udpv4>
                                    </locator>
                                </metatrafficUnicastLocatorList>
                            </RemoteServer>
                            <RemoteServer prefix="44.53.03.5f.45.50.52.4f.53.49.4d.41">
                                <metatrafficUnicastLocatorList>
                                    <locator>
                                        <udpv4>
                                            <address>10.0.10.21</address>
                                            <port>11811</port>
                                        </udpv4>
                                    </locator>
                                </metatrafficUnicastLocatorList>
                            </RemoteServer>
                        </discoveryServersList>
                    </discovery_config>
                </builtin>
            </rtps>
        </participant>
    </profiles>
</dds>